city_name,district_name,commune_name
Mondul Kiri,Kaoh Nheaek,A Buon Leu
Kampong Thom,Stueng Saen,Achar Leak
Ratanak Kiri,Ou Chum,Aekakpheap
Kampong Chhnang,Tuek Phos,Akphivoadth
Kandal,Lvea Aem,Akreiy Ksatr
Kampong Speu,Thpong,Amleang
Kampong Cham,Kampong Siem,Ampil
Siemreap,Siem Reap,Ampil
Svay Rieng,Romeas Haek,Ampil
Oddar Meanchey,Banteay Ampil,Ampil
Prey Veng,Sithor Kandal,Ampil Krau
Battambang,Bavel,Ampil Pram Daeum
Tboung Khmum,Ou Reang Ov,Ampil Ta Pok
Kampong Chhnang,Kampong Tralach,Ampil Tuek
Kandal,Kandal Stueng,Ampov Prey
Battambang,Rotonak Mondol,Andaeuk Haeb
Kampot,Kampot,Andoung Khmer
Kampong Thom,Baray,Andoung Pou
Svay Rieng,Romeas Haek,Andoung Pou
Kampong Chhnang,Rolea B'ier,Andoung Snay
Preah Sihanouk,Prey Nob,Andoung Thma
Svay Rieng,Romeas Haek,Andoung Trabaek
Koh Kong,Botum Sakor,Andoung Tuek
Kampot,Kampong Trach,Ang Sophy
Takeo,Treang,Angk Kaev
Takeo,Treang,Angk Khnor
Kampot,Angkor Chey,Angk Phnum Touch
Kampong Speu,Kong Pisei,Angk Popel
Takeo,Kiri Vong,Angk Prasat
Svay Rieng,Romeas Haek,Angk Prasrae
Kampot,Dang Tong,Angk Romeas
Takeo,Tram Kak,Angk Ta Saom
Svay Rieng,Svay Chrum,Angk Ta Sou
Takeo,Prey Kabbas,Angkanh
Takeo,Treang,Angkanh
Kep,Damnak Chang'aeur,Angkaol
Prey Veng,Peam Chor,Angkor Angk
Battambang,Sampov Lun,Angkor Ban
Kampong Cham,Kang Meas,Angkor Ban
Takeo,Angkor Borei,Angkor Borei
Prey Veng,Preah Sdach,Angkor Reach
Prey Veng,Me Sang,Angkor Sar
Prey Veng,Svay Antor,Angkor Tret
Tboung Khmum,Tboung Khmum,Anhchaeum
Kampong Chhnang,Baribour,Anhchanh Rung
Kampot,Angkor Chey,Ankor Chey
Stung Treng,Thala Barivat,Anlong Chrey
Stung Treng,Thala Barivat,Anlong Phe
Pursat,Veal Veaeng,Anlong Reab
Kandal,Kandal Stueng,Anlong Romiet
Battambang,Thma Koul,Anlong Run
Siemreap,Chi Kraeng,Anlong Samnar
Pursat,Krakor,Anlong Tnaot
Oddar Meanchey,Anlong Veaeng,Anlong Veaeng
Battambang,Sangkae,Anlong Vil
Pursat,Kandieng,Anlong Vil
Pursat,Krakor,Ansa Chambak
Prey Veng,Kampong Trabaek,Ansaong
Kampong Cham,Stueng Trang,Areaks Tnot
Kampong Chhnang,Kampong Chhnang,B'er
Prey Veng,Peam Ro,Ba Baong
Takeo,Angkor Borei,Ba Srae
Ratanak Kiri,Lumphat,Ba Tang
Kandal,Angk Snuol,Baek Chan
Oddar Meanchey,Trapeang Prasat,Bak Anloung
Pursat,Phnum Kravanh,Bak Chenhchien
Kandal,Khsach Kandal,Bak Dav
Phnom Penh,Chraoy Chongvar,Bak Kaeng
Kampong Thom,Baray,Bak Sna
Siemreap,Prasat Bakong,Bakong
Kampong Thom,Baray,Ballangk
Siemreap,Prasat Bakong,Ballangk
Takeo,Prey Kabbas,Ban Kam
Kampot,Chhuk,Baniev
Prey Veng,Peam Ro,Banlich Prasat
Oddar Meanchey,Samraong,Bansay Reak
Battambang,Thma Koul,Bansay Traeng
Prey Veng,Preah Sdach,Banteay Chakrei
Banteay Meanchey,Thma Puok,Banteay Chhmar
Kandal,Kien Svay,Banteay Daek
Pursat,Pursat,Banteay Dei
Svay Rieng,Kampong Rou,Banteay Krang
Kampot,Banteay Meas,Banteay Meas Khang Kaeut
Kampot,Banteay Meas,Banteay Meas Khang Lech
Banteay Meanchey,Mongkol Borei,Banteay Neang
Kampong Chhnang,Rolea B'ier,Banteay Preal
Kampong Thom,Stoung,Banteay Stoung
Ratanak Kiri,Ou Ya Dav,Bar Kham
Pailin,Pailin,Bar Yakha
Battambang,Phnum Proek,Barang Thleak
Kampong Cham,Prey Chhor,Baray
Kampong Cham,Srei Santhor,Baray
Kampong Thom,Baray,Baray
Prey Veng,Prey Veng,Baray
Takeo,Doun Kaev,Baray
Kandal,Kandal Stueng,Barku
Kandal,Lvea Aem,Barong
Battambang,Rukh Kiri,Basak
Svay Rieng,Svay Chrum,Basak
Kampong Speu,Basedth,Basedth
Banteay Meanchey,Mongkol Borei,Bat Trang
Kampong Cham,Batheay,Batheay
Svay Rieng,Bavet,Bati
Battambang,Bavel,Bavel
Svay Rieng,Bavet,Bavet
Battambang,Banan,Bay Damram
Preah Sihanouk,Preah Sihanouk,Bei
Oddar Meanchey,Banteay Ampil,Beng
Preah Sihanouk,Prey Nob,Bet Trang
Kampong Thom,Baray,Boeng
Pursat,Bakan,Boeng Bat Kandaol
Banteay Meanchey,Malai,Boeng Beng
Kratie,Sambour,Boeng Char
Prey Veng,Preah Sdach,Boeng Daol
Phnom Penh,Tuol Kouk,Boeng Kak Ti Muoy
Phnom Penh,Tuol Kouk,Boeng Kak Ti Pir
Ratanak Kiri,Ban Lung,Boeng Kansaeng
Pursat,Krakor,Boeng Kantuot
Phnom Penh,Chamkar Mon,Boeng Keng Kang Ti Bei
Phnom Penh,Chamkar Mon,Boeng Keng Kang Ti Muoy
Phnom Penh,Chamkar Mon,Boeng Keng Kang Ti Pir
Pursat,Bakan,Boeng Khnar
Kandal,Kandal Stueng,Boeng Khyang
Kampong Cham,Kampong Cham,Boeng Kok
Kandal,Lvea Aem,Boeng Krum
Kampong Thom,Santuk,Boeng Lvea
Siemreap,Svay Leu,Boeng Mealea
Kampong Cham,Prey Chhor,Boeng Nay
Kampot,Chhuk,Boeng Nimol
Prey Veng,Ba Phnum,Boeng Preah
Koh Kong,Srae Ambel,Boeng Preav
Battambang,Thma Koul,Boeng Pring
Phnom Penh,Prampir Meakkakra,Boeng Proluet
Tboung Khmum,Tboung Khmum,Boeng Pruol
Battambang,Kamrieng,Boeng Reang
Phnom Penh,Doun Penh,Boeng Reang
Kampot,Kampong Trach,Boeng Sala Khang Cheung
Kampot,Kampong Trach,Boeng Sala Khang Tboung
Phnom Penh,Tuol Kouk,Boeng Salang
Preah Sihanouk,Prey Nob,Boeng Ta Prum
Phnom Penh,Pur SenChey,Boeng Thum
Phnom Penh,Chamkar Mon,Boeng Trabaek
Takeo,Samraong,Boeng Tranh Khang Cheung
Takeo,Samraong,Boeng Tranh Khang Tboung
Kampot,Tuek Chhou,Boeng Tuk
Phnom Penh,Mean Chey,Boeng Tumpun
Battambang,Bavel,Boeung Pram
Takeo,Borei Cholsar,Borei Cholsar
Kampong Cham,Chamkar Leu,Bos Khnor
Kratie,Chetr Borei,Bos Leav
Svay Rieng,Rumduol,Bos Mon
Banteay Meanchey,Preah Netr Preah,Bos Sbov
Oddar Meanchey,Samraong,Bos Sbov
Battambang,Phnum Proek,Bour
Mondul Kiri,Pech Chreada,Bu Sra
Preah Sihanouk,Preah Sihanouk,Buon
Ratanak Kiri,Ou Chum,Cha Ung
Battambang,Banan,Chaeng Mean Chey
Kampong Thom,Baray,Chaeung Daeung
Kampong Chhnang,Baribour,Chak
Tboung Khmum,Ou Reang Ov,Chak
Phnom Penh,Mean Chey,Chak Angrae Kraom
Phnom Penh,Mean Chey,Chak Angrae Leu
Phnom Penh,Doun Penh,Chakto Mukh
Prey Veng,Kampong Trabaek,Cham
Kratie,Prek Prasab,Chamb├ók
Kampong Speu,Phnum Sruoch,Chambak
Svay Rieng,Svay Chrum,Chambak
Takeo,Bati,Chambak
Kampong Cham,Chamkar Leu,Chamkar Andoung
Stung Treng,Thala Barivat,Chamkar Leu
Preah Sihanouk,Kampong Seila,Chamkar Luong
Kampong Thom,Stoung,Chamna Kraom
Kampong Thom,Stoung,Chamna Leu
Banteay Meanchey,Mongkol Borei,Chamnaom
Takeo,Prey Kabbas,Champa
Kampot,Angkor Chey,Champei
Takeo,Bati,Champei
Preah Vihear,Sangkum Thmei,Chamraeun
Pursat,Pursat,Chamraeun Phal
Tboung Khmum,Memot,Chan Mul
Siemreap,Soutr Nikom,Chan Sa
Kampong Speu,Odongk,Chan Saen
Banteay Meanchey,Ou Chrov,Changha
Kratie,Chetr Borei,Changkrang
Siemreap,Kralanh,Chanleas Dai
Svay Rieng,Chantrea,Chantrea
Svay Rieng,Romeas Haek,Chantrei
Phnom Penh,Pur SenChey,Chaom Chau
Kampong Chhnang,Tuek Phos,Chaong Maong
Takeo,Prey Kabbas,Char
Siemreap,Angkor Chum,Char Chhuk
Kampong Cham,Batheay,Chbar Ampov
Phnom Penh,Chbar Ampov,Chbar Ampov Ti Pir
Kampong Speu,Chbar Mon,Chbar Mon
Prey Veng,Svay Antor,Chea Khlang
Prey Veng,Kamchay Mear,Cheach
Kampong Cham,Batheay,Chealea
Prey Veng,Kampong Trabaek,Cheang Daek
Takeo,Tram Kak,Cheang Tong
Svay Rieng,Svay Rieng,Chek
Phnom Penh,Dangkao,Cheung Aek
Kandal,Kandal Stueng,Cheung Kaeub
Preah Sihanouk,Prey Nob,Cheung Kou
Kampong Chhnang,Rolea B'ier,Cheung Kreav
Takeo,Samraong,Cheung Kuon
Prey Veng,Ba Phnum,Cheung Phnum
Kampong Cham,Batheay,Cheung Prey
Kampong Speu,Odongk,Cheung Roas
Oddar Meanchey,Chong Kal,Cheung Tien
Prey Veng,Prey Veng,Cheung Tuek
Kampong Thom,Kampong Svay,Chey
Takeo,Borei Cholsar,Chey Chouk
Phnom Penh,Doun Penh,Chey Chummeah
Prey Veng,Preah Sdach,Chey Kampok
Ratanak Kiri,Lumphat,Chey Otdam
Kandal,Khsach Kandal,Chey Thum
Kampong Cham,Chamkar Leu,Cheyyou
Preah Vihear,Chhaeb,Chhaeb Muoy
Preah Vihear,Chhaeb,Chhaeb Pir
Kandal,Angk Snuol,Chhak Chheu Neang
Phnom Penh,Chbar Ampov,Chhbar Ampov Ti Muoy
Kampong Chhnang,Sameakki Mean Chey,Chhean Laeung
Preah Vihear,Tbaeng Mean Chey,Chhean Mukh
Prey Veng,Ba Phnum,Chheu Kach
Kandal,Kaoh Thum,Chheu Kmau
Battambang,Banan,Chheu Teal
Kampong Thom,Sandan,Chheu Teal
Kandal,Kien Svay,Chheu Teal
Svay Rieng,Svay Chrum,Chheu Teal
Pursat,Krakor,Chheu Tom
Kratie,Chhloung,Chhloung
Battambang,Koas Krala,Chhnal Moan
Kampong Chhnang,Baribour,Chhnok Tru
Kampong Thom,Prasat Sambour,Chhuk
Kampot,Chhuk,Chhuk
Tboung Khmum,Krouch Chhmar,Chhuk
Kampong Thom,Baray,Chhuk Khsach
Kampong Chhnang,Kampong Tralach,Chhuk Sa
Kandal,Ponhea Lueu,Chhveang
Kampong Cham,Srei Santhor,Chi Bal
Koh Kong,Srae Ambel,Chi Kha Kraom
Koh Kong,Srae Ambel,Chi kha Leu
Takeo,Treang,Chi Khma
Siemreap,Chi Kraeng,Chi Kraeng
Koh Kong,Thma Bang,Chi Phat
Prey Veng,Me Sang,Chi Phoch
Kampong Chhnang,Tuek Phos,Chieb
Tboung Khmum,Tboung Khmum,Chikor
Tboung Khmum,Tboung Khmum,Chirou Ti Muoy
Tboung Khmum,Tboung Khmum,Chirou Ti Pir
Banteay Meanchey,Preah Netr Preah,Chnuor Mean Chey
Tboung Khmum,Memot,Choam
Tboung Khmum,Memot,Choam Kravien
Preah Vihear,Choam Ksant,Choam Ksant
Kampong Speu,Phnum Sruoch,Choam Sangkae
Tboung Khmum,Memot,Choam Ta Mau
Tboung Khmum,Tboung Khmum,Chob
Siemreap,Angkor Thum,Chob Ta Trav
Banteay Meanchey,Preah Netr Preah,Chob Vari
Kampong Chhnang,Chol Kiri,Chol Sar
Battambang,Battambang,Chomkar Somraong
Prey Veng,Kanhchriech,Chong Ampil
Tboung Khmum,Dambae,Chong Cheach
Kampong Thom,Baray,Chong Doung
Oddar Meanchey,Chong Kal,Chong Kal
Siemreap,Siem Reap,Chong Khnies
Mondul Kiri,Kaev Seima,Chong Phlah
Kampong Speu,Kong Pisei,Chongruk
Preah Vihear,Chey Saen,Chrach
Svay Rieng,Bavet,Chrak Mtes
Kampong Thom,Baray,Chraneang
Phnom Penh,Russey Keo,Chrang Chamreh Ti Muoy
Phnom Penh,Russey Keo,Chrang Chamreh Ti Pir
Kampong Chhnang,Kampong Leaeng,Chranouk
Siemreap,Siem Reap,Chreav
Kampong Chhnang,Kampong Tralach,Chres
Kampot,Chum Kiri,Chres
Prey Veng,Me Sang,Chres
Svay Rieng,Chantrea,Chres
Battambang,Thma Koul,Chrey
Battambang,Moung Ruessei,Chrey
Prey Veng,Kampong Trabaek,Chrey
Prey Veng,Svay Antor,Chrey
Kampong Chhnang,Rolea B'ier,Chrey Bak
Prey Veng,Sithor Kandal,Chrey Khmum
Kandal,Ponhea Lueu,Chrey Loas
Battambang,Sampov Lun,Chrey Seima
Svay Rieng,Romeas Haek,Chrey Thum
Kampong Cham,Prey Chhor,Chrey Vien
Kampong Thom,Santuk,Chroab
Kampong Thom,Baray,Chrolong
Kratie,Prek Prasab,Chrouy Banteay
Phnom Penh,Chraoy Chongvar,Chrouy Changvar
Siemreap,Srei Snam,Chrouy Neang Nguon
Koh Kong,Kaoh Kong,Chrouy Pras
Battambang,Thma Koul,Chrouy Sdau
Koh Kong,Srae Ambel,Chrouy Svay
Kandal,Kaoh Thum,Chrouy Ta Kaev
Svay Rieng,Rumduol,Chrung Popel
Kampot,Tuek Chhou,Chum Kriel
Tboung Khmum,Krouch Chhmar,Chumnik
Koh Kong,Thma Bang,Chumnoab
Kampong Speu,Odongk,Chumpu Proeks
Kampot,Chum Kiri,Chumpu Voan
Takeo,Samraong,Chumreah Pen
Kampot,Angkor Chey,Daeum Doung
Kandal,Kandal Stueng,Daeum Rues
Mondul Kiri,Ou Reang,Dak Dam
Siemreap,Soutr Nikom,Dam Daek
Tboung Khmum,Dambae,Dambae
Kampot,Angkor Chey,Dambouk Khpos
Kampong Speu,Phnum Sruoch,Dambouk Rung
Kandal,Angk Snuol,Damnak Ampil
Kampot,Kampong Trach,Damnak Kantuot Khang Cheung
Kampot,Kampong Trach,Damnak Kantuot Khang Tboung
Kampong Speu,Odongk,Damnak Reang
Kampot,Dang Tong,Damnak Sokram
Kampong Thom,Stueng Saen,Damrei Choan Khla
Kratie,Chhloung,Damrei Phong
Prey Veng,Svay Antor,Damrei Puon
Kampong Thom,Kampong Svay,Damrei Slab
Tboung Khmum,Ou Reang Ov,Damril
Kampot,Angkor Chey,Dan Koum
Siemreap,Soutr Nikom,Dan Run
Kampong Thom,Sandan,Dang Kambet
Kampong Cham,Stueng Trang,Dang Kdar
Koh Kong,Srae Ambel,Dang Peaeng
Kampot,Dang Tong,Dang Tong
Koh Kong,Khemara Phoumin,Dang Tong
Phnom Penh,Dangkao,Dangkao
Kampong Chhnang,Kampong Leaeng,Dar
Kratie,Chetr Borei,Dar
Tboung Khmum,Memot,Dar
Kampot,Chhuk,Dechou Akphivoadth
Kandal,Kien Svay,Dei Edth
Kandal,Ta Khmau,Doeum Mien
Battambang,Koas Krala,Doun Ba
Siemreap,Puok,Doun Kaev
Prey Veng,Kamchay Mear,Doun Koeng
Siemreap,Angkor Chum,Doun Peng
Svay Rieng,Svay Chrum,Doun Sa
Kampot,Chhuk,Doun Yay
Kampong Thom,Prasat Ballangk,Doung
Svay Rieng,Romeas Haek,Doung
Takeo,Bati,Doung
Takeo,Borei Cholsar,Doung Khpos
Tboung Khmum,Ponhea Kraek,Dountei
Battambang,Koas Krala,Hab
Kratie,Chhloung,Han Chey
Kampong Cham,Kampong Siem,Hanchey
Kampong Speu,Aoral,Haong Samnam
Ratanak Kiri,Veun Sai,Hat Pak
Kandal,Leuk Daek,K'am Samnar
Ratanak Kiri,Veun Sai,Ka Choun
Ratanak Kiri,Lumphat,Ka Laeng
Ratanak Kiri,Ban Lung,Kachanh
Kep,Kaeb,Kaeb
Preah Sihanouk,Stueng Hav,Kaev Phos
Siemreap,Puok,Kaev Poar
Kampong Speu,Samraong Tong,Kahaeng
Kampong Speu,Basedth,Kak
Ratanak Kiri,Bar Kaev,Kak
Tboung Khmum,Ponhea Kraek,Kak
Phnom Penh,Pur SenChey,Kakab
Battambang,Moung Ruessei,Kakaoh
Kampong Thom,Santuk,Kakaoh
Ratanak Kiri,Ou Chum,Kalai
Phnom Penh,Pur SenChey,Kamboul
Takeo,Kiri Vong,Kamnab
Takeo,Kiri Vong,Kampeaeng
Takeo,Prey Kabbas,Kampeaeng
Preah Sihanouk,Stueng Hav,Kampenh
Stung Treng,Sesan,Kamphun
Tboung Khmum,Memot,Kampoan
Svay Rieng,Rumduol,Kampong Ampil
Kampot,Kampot,Kampong Bay
Svay Rieng,Rumduol,Kampong Chak
Kampong Cham,Kampong Cham,Kampong Cham
Kratie,Sambour,Kampong Cham
Kandal,Khsach Kandal,Kampong Chamlang
Svay Rieng,Svay Chrum,Kampong Chamlang
Kampong Thom,Stoung,Kampong Chen Cheung
Kampong Thom,Stoung,Kampong Chen Tboung
Kampong Chhnang,Kampong Chhnang,Kampong Chhnang
Kratie,Chhloung,Kampong Damrei
Kampong Chhnang,Kampong Leaeng,Kampong Hau
Kampot,Kampot,Kampong Kandal
Siemreap,Chi Kraeng,Kampong Kdei
Siemreap,Soutr Nikom,Kampong Khleang
Kandal,Kaoh Thum,Kampong Kong
Kratie,Prek Prasab,Kampong Kor
Kampong Thom,Kampong Svay,Kampong Kou
Kampong Thom,Stueng Saen,Kampong Krabau
Kampot,Tuek Chhou,Kampong Kraeng
Takeo,Borei Cholsar,Kampong Krasang
Prey Veng,Prey Veng,Kampong Leav
Battambang,Samlout,Kampong Lpov
Kandal,Ponhea Lueu,Kampong Luong
Pursat,Krakor,Kampong Luong
Kandal,Ponhea Lueu,Kampong Os
Kampong Chhnang,Chol Kiri,Kampong Ous
Siemreap,Prasat Bakong,Kampong Phluk
Kandal,Leuk Daek,Kampong Phnum
Prey Veng,Pea Reang,Kampong Popil
Pursat,Krakor,Kampong Pou
Preah Vihear,Preah Vihear,Kampong Pranak
Prey Veng,Pea Reang,Kampong Prang
Prey Veng,Peam Chor,Kampong Prasat
Battambang,Sangkae,Kampong Preah
Kampong Chhnang,Baribour,Kampong Preah Kokir
Battambang,Sangkae,Kampong Prieng
Kampong Cham,Kaoh Soutin,Kampong Reab
Takeo,Prey Kabbas,Kampong Reab
Kampong Thom,Stueng Saen,Kampong Roteh
Prey Veng,Pur Rieng,Kampong Ruessei
Kandal,Ta Khmau,Kampong Samnanh
Kampot,Tuek Chhou,Kampong Samraong
Preah Sihanouk,Kampong Seila,Kampong Seila
Prey Veng,Preah Sdach,Kampong Soeng
Preah Vihear,Chhaeb,Kampong Sralau Muoy
Preah Vihear,Chhaeb,Kampong Sralau Pir
Banteay Meanchey,Serei Saophoan,Kampong Svay
Kampong Thom,Kampong Svay,Kampong Svay
Kandal,Kien Svay,Kampong Svay
Siemreap,Kralanh,Kampong Thkov
Kampong Thom,Santuk,Kampong Thma
Kampong Thom,Stueng Saen,Kampong Thum
Prey Veng,Kampong Trabaek,Kampong Trabaek
Svay Rieng,Romeas Haek,Kampong Trach
Kampot,Kampong Trach,Kampong Trach Khang Kaeut
Kampot,Kampong Trach,Kampong Trach Khang Lech
Kampong Chhnang,Kampong Tralach,Kampong Tralach
Tboung Khmum,Krouch Chhmar,Kampong Treas
Battambang,Kamrieng,Kamrieng
Siemreap,Prasat Bakong,Kandaek
Kandal,Kandal Stueng,Kandaok
Kampot,Tuek Chhou,Kandaol
Koh Kong,Botum Sakor,Kandaol
Tboung Khmum,Ponhea Kraek,Kandaol Chrum
Kampong Speu,Chbar Mon,Kandaol Dom
Pursat,Kandieng,Kandieng
Svay Rieng,Svay Teab,Kandieng Reay
Takeo,Bati,Kandoeng
Stung Treng,Thala Barivat,Kang Cham
Kampong Cham,Kang Meas,Kang Ta Noeng
Prey Veng,Pea Reang,Kanhcham
Kratie,Chhloung,Kanhchor
Pursat,Kandieng,Kanhchor
Prey Veng,Kanhchriech,Kanhchriech
Prey Veng,Kampong Trabaek,Kansoam Ak
Phnom Penh,Pur SenChey,Kantaok
Siemreap,Prasat Bakong,Kantreang
Battambang,Banan,Kantueu Muoy
Battambang,Banan,Kantueu Pir
Kratie,Chetr Borei,Kantuot
Preah Vihear,Choam Ksant,Kantuot
Siemreap,Svay Leu,Kantuot
Kampong Cham,Srei Santhor,Kaoh Andaet
Kandal,S'ang,Kaoh Anlong Chen
Prey Veng,Peam Chor,Kaoh Chek
Kandal,Ponhea Lueu,Kaoh Chen
Battambang,Aek Phnum,Kaoh Chiveang
Kandal,Khsach Kandal,Kaoh Chouram
Kratie,Chetr Borei,Kaoh Chraeng
Pursat,Kandieng,Kaoh Chum
Phnom Penh,Chraoy Chongvar,Kaoh Dach
Kandal,Lvea Aem,Kaoh Kaev
Koh Kong,Kaoh Kong,Kaoh Kapi
Kandal,S'ang,Kaoh Khael
Kratie,Sambour,Kaoh Khnhaer
Kandal,S'ang,Kaoh Khsach Tonlea
Kampong Cham,Kampong Siem,Kaoh Mitt
Kandal,Khsach Kandal,Kaoh Oknha Tei
Ratanak Kiri,Veun Sai,Kaoh Pang
Ratanak Kiri,Veun Sai,Kaoh Peak
Tboung Khmum,Krouch Chhmar,Kaoh Pir
Banteay Meanchey,Serei Saophoan,Kaoh Pong Satv
Stung Treng,Siem Bouk,Kaoh Preah
Kandal,Lvea Aem,Kaoh Reah
Kampong Cham,Kampong Siem,Kaoh Roka
Prey Veng,Peam Chor,Kaoh Roka
Preah Sihanouk,Preah Sihanouk,Kaoh Rung
Stung Treng,Siem Bouk,Kaoh Sampeay
Prey Veng,Peam Chor,Kaoh Sampov
Kampong Cham,Kampong Siem,Kaoh Samraong
Koh Kong,Kiri Sakor,Kaoh Sdach
Stung Treng,Thala Barivat,Kaoh Snaeng
Kampong Cham,Kaoh Soutin,Kaoh Sotin
Stung Treng,Siem Bouk,Kaoh Sralay
Kampong Chhnang,Chol Kiri,Kaoh Thkov
Kandal,Kaoh Thum,Kaoh Thum Ka
Kandal,Kaoh Thum,Kaoh Thum Kha
Kampong Cham,Kampong Siem,Kaoh Tontuem
Kampot,Tuek Chhou,Kaoh Touch
Kratie,Kracheh,Kaoh Trong
Tboung Khmum,Ponhea Kraek,Kaong Kang
Battambang,Koas Krala,Kaos Krala
Kampong Speu,Basedth,Kat Phluk
Kratie,Sambour,Kbal Damrei
Phnom Penh,Chbar Ampov,Kbal Kaoh
Stung Treng,Sesan,Kbal Romeas
Pursat,Krakor,Kbal Trach
Kampong Chhnang,Tuek Phos,Kbal Tuek
Takeo,Prey Kabbas,Kdanh
Kampong Thom,Kampong Svay,Kdei Doung
Siemreap,Puok,Kdei Run
Prey Veng,Kanhchriech,Kdoeang Reay
Battambang,Battambang,Kdol Doun Teav
Battambang,Bavel,Kdol Ta Haen
Battambang,Moung Ruessei,Kear
Ratanak Kiri,Bar Kaev,Keh Chong
Siemreap,Soutr Nikom,Khchas
Kampong Cham,Kang Meas,Khchau
Kampot,Dang Tong,Khcheay Khang Cheung
Kampot,Dang Tong,Khcheay Khang Tboung
Battambang,Bavel,Khlaeng Meas
Kampong Chhnang,Tuek Phos,Khlong Popok
Phnom Penh,Saensokh,Khmuonh
Battambang,Bavel,Khnach Romeas
Siemreap,Svay Leu,Khnang Phnum
Kampong Chhnang,Sameakki Mean Chey,Khnar Chhmar
Siemreap,Soutr Nikom,Khnar Pou
Kampong Cham,Srei Santhor,Khnar Sa
Siemreap,Banteay Srei,Khnar Sanday
Pursat,Bakan,Khnar Totueng
Siemreap,Puok,Khnat
Kampong Cham,Cheung Prey,Khnor Dambang
Kampong Chhnang,Baribour,Khon Rang
Kandal,S'ang,Khpob
Kandal,Leuk Daek,Khpob Ateav
Kampong Cham,Stueng Trang,Khpob Ta Nguon
Kratie,Chhloung,Khsach Andeth
Svay Rieng,Kampong Rou,Khsaetr
Kampong Chhnang,Kampong Chhnang,Khsam
Kampong Speu,Odongk,Khsem Khsant
Kratie,Snuol,Khsuem
Kampong Speu,Samraong Tong,Khtum Krang
Siemreap,Banteay Srei,Khun Ream
Siemreap,Chi Kraeng,Khvav
Takeo,Samraong,Khvav
Takeo,Treang,Khvav
Kampong Cham,Prey Chhor,Khvet Thum
Preah Vihear,Chey Saen,Khyang
Kampong Cham,Kampong Siem,Kien Chrey
Siemreap,Soutr Nikom,Kien Sangkae
Phnom Penh,Russey Keo,Kilomaetr Lekh Prammuoy
Takeo,Kiri Vong,Kiri Chong Kaoh
Kampong Speu,Phnum Sruoch,Kiri Voan
Kampong Thom,Sandan,Klaeng
Siemreap,Srei Snam,Klang Hay
Kratie,Prek Prasab,Koh Ta Suy
Siemreap,Siem Reap,Kok Chak
Ratanak Kiri,Veun Sai,Kok Lak
Svay Rieng,Svay Teab,Koki Saom
Kandal,Kien Svay,Kokir
Svay Rieng,Romeas Haek,Kokir
Tboung Khmum,Memot,Kokir
Kampong Thom,Baray,Kokir Thum
Kandal,Kien Svay,Kokir Thum
Kampong Cham,Kampong Siem,Kokor
Takeo,Bati,Komar Reachea
Tboung Khmum,Ou Reang Ov,Kong Chey
Phnom Penh,Dangkao,Kong Noy
Kampong Cham,Prey Chhor,Kor
Tboung Khmum,Tboung Khmum,Kor
Prey Veng,Kampong Trabaek,Kou Khchak
Kratie,Chetr Borei,Kou Loab
Banteay Meanchey,Ou Chrov,Koub
Banteay Meanchey,Mongkol Borei,Kouk Ballangk
Kampong Chhnang,Rolea B'ier,Kouk Banteay
Siemreap,Angkor Chum,Kouk Doung
Banteay Meanchey,Thma Puok,Kouk Kakthen
Battambang,Thma Koul,Kouk Khmum
Oddar Meanchey,Banteay Ampil,Kouk Khpos
Prey Veng,Kanhchriech,Kouk Kong Kaeut
Prey Veng,Kanhchriech,Kouk Kong Lech
Oddar Meanchey,Banteay Ampil,Kouk Mon
Takeo,Borei Cholsar,Kouk Pou
Takeo,Kiri Vong,Kouk Prech
Svay Rieng,Svay Chrum,Kouk Pring
Phnom Penh,Praek Pnov,Kouk Roka
Banteay Meanchey,Thma Puok,Kouk Romiet
Kampong Cham,Cheung Prey,Kouk Rovieng
Tboung Khmum,Dambae,Kouk Srok
Takeo,Angkor Borei,Kouk Thlok
Siemreap,Chi Kraeng,Kouk Thlok Kraom
Siemreap,Chi Kraeng,Kouk Thlok Leu
Kandal,Kandal Stueng,Kouk Trab
Kampong Thom,Prasat Sambour,Koul
Siemreap,Angkor Chum,Koul
Oddar Meanchey,Samraong,Koun Kriel
Kampot,Tuek Chhou,Koun Satv
Banteay Meanchey,Mongkol Borei,Koy Maeng
Svay Rieng,Svay Rieng,Koy Trabaek
Prey Veng,Kamchay Mear,Krabau
Siemreap,Siem Reap,Krabei Riel
Kratie,Kracheh,Kracheh
Tboung Khmum,Ponhea Kraek,Kraek
Kratie,Kracheh,Krakor
Kampong Cham,Kampong Siem,Krala
Siemreap,Kralanh,Kralanh
Kampong Speu,Samraong Tong,Krang Ampil
Kampot,Kampot,Krang Ampil
Kampong Speu,Odongk,Krang Chek
Kampong Speu,Phnum Sruoch,Krang Dei Vay
Kampong Chhnang,Rolea B'ier,Krang Leav
Takeo,Bati,Krang Leav
Kampong Chhnang,Sameakki Mean Chey,Krang Lvea
Kandal,Angk Snuol,Krang Mkak
Phnom Penh,Dangkao,Krang Pongro
Kampot,Chhuk,Krang Sbov
Kampong Chhnang,Tuek Phos,Krang Skear
Kampot,Chhuk,Krang Snay
Prey Veng,Preah Sdach,Krang Svay
Prey Veng,Peam Chor,Krang Ta Yang
Mondul Kiri,Pech Chreada,Krang Teh
Phnom Penh,Saensokh,Krang Thnong
Takeo,Bati,Krang Thnong
Kandal,S'ang,Krang Yov
Prey Veng,Kamchay Mear,Kranhung
Svay Rieng,Svay Chrum,Kraol Kou
Pursat,Veal Veaeng,Krapeu Pir
Takeo,Kaoh Andaet,Krapum Chhuk
Svay Rieng,Romeas Haek,Krasang
Oddar Meanchey,Chong Kal,Krasang
Kampong Thom,Baray,Krava
Kampong Thom,Prasat Ballangk,Kraya
Kampong Thom,Santuk,Kraya
Kampong Cham,Prey Chhor,Krouch
Tboung Khmum,Krouch Chhmar,Krouch Chhmar
Siemreap,Kralanh,Krouch Kor
Svay Rieng,Svay Chrum,Kruos
Preah Vihear,Kuleaen,Kuleaen Cheung
Preah Vihear,Kuleaen,Kuleaen Tboung
Banteay Meanchey,Thma Puok,Kumru
Takeo,Tram Kak,Kus
Banteay Meanchey,Ou Chrov,Kuttasat
Ratanak Kiri,Ou Chum,L'ak
Kampot,Dang Tong,L'ang
Ratanak Kiri,Bar Kaev,La Minh
Ratanak Kiri,Ban Lung,Labansiek
Kampot,Chhuk,Lbaeuk
Ratanak Kiri,Lumphat,Lbang Muoy
Ratanak Kiri,Lumphat,Lbang Pir
Pursat,Phnum Kravanh,Leach
Siemreap,Angkor Thum,Leang Dai
Takeo,Tram Kak,Leay Bour
Preah Sihanouk,Preah Sihanouk,Lek Muoy
Kandal,Kaoh Thum,Leuk Daek
Tboung Khmum,Tboung Khmum,Lngieng
Pursat,Pursat,Lolok Sa
Kampong Chhnang,Kampong Tralach,Longveaek
Ratanak Kiri,Ou Ya Dav,Lum Choar
Takeo,Samraong,Lumchang
Kandal,Angk Snuol,Lumhach
Takeo,Bati,Lumpong
Oddar Meanchey,Anlong Veaeng,Lumtong
Ratanak Kiri,Bar Kaev,Lung Khung
Kampong Cham,Kaoh Soutin,Lve
Prey Veng,Sithor Kandal,Lve
Battambang,Bavel,Lvea
Kampong Cham,Prey Chhor,Lvea
Prey Veng,Preah Sdach,Lvea
Siemreap,Puok,Lvea
Siemreap,Varin,Lvea Krang
Kampong Cham,Chamkar Leu,Lvea Leu
Kandal,Lvea Aem,Lvea Sar
Siemreap,Chi Kraeng,Lveaeng Ruessei
Kampot,Tuek Chhou,Makprang
Banteay Meanchey,Malai,Malai
Ratanak Kiri,Andoung Meas,Malik
Prey Veng,Svay Antor,Me Bon
Kampong Cham,Batheay,Me Pring
Kampong Cham,Stueng Trang,Me Sar Chrey
Svay Rieng,Chantrea,Me Sar Thngak
Pursat,Bakan,Me Tuek
Battambang,Samlout,Mean Chey
Kampong Cham,Srei Santhor,Mean Chey
Kampong Speu,Odongk,Mean Chey
Kampong Thom,Sandan,Mean Chey
Kampot,Chhuk,Mean Chey
Siemreap,Prasat Bakong,Mean Chey
Kampong Thom,Sandan,Mean Rith
Kampot,Dang Tong,Mean Ritth
Kampong Chhnang,Baribour,Melum
Mondul Kiri,Kaev Seima,Memang
Tboung Khmum,Memot,Memong
Tboung Khmum,Memot,Memot
Prey Veng,Pea Reang,Mesar Prachan
Svay Rieng,Rumduol,Meun Chey
Kampong Cham,Prey Chhor,Mien
Tboung Khmum,Ou Reang Ov,Mien
Phnom Penh,Prampir Meakkakra,Mittapheap
Banteay Meanchey,Serei Saophoan,Mkak
Kandal,Angk Snuol,Mkak
Preah Vihear,Chhaeb,Mlu Prey Muoy
Preah Vihear,Chhaeb,Mlu Prey Pir
Kampong Cham,Kaoh Soutin,Moha Khnhoung
Kampong Cham,Kaoh Soutin,Moha Leaph
Kampong Speu,Kong Pisei,Moha Ruessei
Kampong Speu,Phnum Sruoch,Moha Sang
Tboung Khmum,Tboung Khmum,Mong Riev
Kampong Speu,Thpong,Monourom
Mondul Kiri,Saen Monourom,Monourom
Phnom Penh,Prampir Meakkakra,Monourom
Svay Rieng,Svay Teab,Monourom
Preah Vihear,Choam Ksant,Morokot
Battambang,Moung Ruessei,Moung
Siemreap,Srei Snam,Moung
Svay Rieng,Romeas Haek,Mream
Kampot,Angkor Chey,Mroum
Kampong Thom,Stoung,Msa Krang
Svay Rieng,Romeas Haek,Mukh Da
Siemreap,Puok,Mukh Paen
Battambang,Rukh Kiri,Mukh Reah
Banteay Meanchey,Phnum Srok,Nam Tau
Mondul Kiri,Kaoh Nheaek,Nang Khi Lik
Prey Veng,Peam Ro,Neak Loeang
Tboung Khmum,Dambae,Neang Teut
Kampot,Chhuk,Neareay
Kampong Thom,Sandan,Ngan
Takeo,Tram Kak,Nhaeng Nhang
Ratanak Kiri,Andoung Meas,Nhang
Svay Rieng,Kampong Rou,Nhor
Banteay Meanchey,Paoy Paet,Nimitt
Kampong Thom,Kampong Svay,Nipech
Phnom Penh,Chbar Ampov,Nirouth
Kampong Speu,Basedth,Nitean
Siemreap,Angkor Chum,Nokor Pheas
Siemreap,Siem Reap,Nokor Thum
Battambang,Sangkae,Norea
Phnom Penh,Chamkar Mon,Olympic
Battambang,Battambang,Omal
Takeo,Tram Kak,Otdam Soriya
Kampong Speu,Phnum Sruoch,Ou
Banteay Meanchey,Serei Saophoan,Ou Ambel
Pailin,Sala Krau,Ou Andoung
Preah Sihanouk,Kampong Seila,Ou Bak Roteh
Banteay Meanchey,Ou Chrov,Ou Beichoan
Battambang,Battambang,Ou Char
Preah Sihanouk,Prey Nob,Ou Chrov
Ratanak Kiri,Ou Chum,Ou Chum
Battambang,Kamrieng,Ou Da
Battambang,Sangkae,Ou Dambang Muoy
Battambang,Sangkae,Ou Dambang Pir
Kampong Thom,Stueng Saen,Ou Kanthor
Kep,Kaeb,Ou Krasar
Kratie,Sambour,Ou Krieng
Kampong Cham,Stueng Trang,Ou Mlu
Stung Treng,Siem Bouk,Ou Mreah
Preah Sihanouk,Prey Nob,Ou Oknha Heng
Banteay Meanchey,Mongkol Borei,Ou Prasat
Stung Treng,Thala Barivat,Ou Rai
Kampong Chhnang,Kampong Tralach,Ou Ruessei
Kratie,Kracheh,Ou Ruessei
Stung Treng,Siem Bouk,Ou Ruessei Kandal
Phnom Penh,Prampir Meakkakra,Ou Ruessei Ti Bei
Phnom Penh,Prampir Meakkakra,Ou Ruessei Ti Buon
Phnom Penh,Prampir Meakkakra,Ou Ruessei Ti Muoy
Phnom Penh,Prampir Meakkakra,Ou Ruessei Ti Pir
Battambang,Phnum Proek,Ou Rumduol
Banteay Meanchey,Malai,Ou Sampoar
Battambang,Samlout,Ou Samril
Pursat,Krakor,Ou Sandan
Pursat,Veal Veaeng,Ou Saom
Takeo,Tram Kak,Ou Saray
Oddar Meanchey,Samraong,Ou Smach
Banteay Meanchey,Malai,Ou Sralau
Kampong Cham,Kampong Siem,Ou Svay
Stung Treng,Thala Barivat,Ou Svay
Oddar Meanchey,Trapeang Prasat,Ou Svay
Battambang,Thma Koul,Ou Ta Ki
Pursat,Bakan,Ou Ta Paong
Pailin,Pailin,Ou Ta Vau
Preah Sihanouk,Stueng Hav,Ou Treh
Phnom Penh,Pur SenChey,Ovlaok
Ratanak Kiri,Veun Sai,Pa Kalan
Ratanak Kiri,Ou Ya Dav,Pa Te
Pailin,Pailin,Pailin
Koh Kong,Mondol Seima,Pak Khlang
Ratanak Kiri,Ou Ya Dav,Pak Nhai
Preah Vihear,Preah Vihear,Pal Hal
Banteay Meanchey,Paoy Paet,Paoy Paet
Kampong Cham,Cheung Prey,Pdau Chum
Takeo,Bati,Pea Ream
Siemreap,Angkor Thum,Peak Snaeng
Kampong Chhnang,Sameakki Mean Chey,Peam
Battambang,Aek Phnum,Peam Aek
Kampong Thom,Stoung,Peam Bang
Kampong Chhnang,Chol Kiri,Peam Chhkaok
Kampong Cham,Kang Meas,Peam Chi Kang
Tboung Khmum,Tboung Khmum,Peam Chileang
Kampong Cham,Stueng Trang,Peam Kaoh Snar
Koh Kong,Mondol Seima,Peam Krasaob
Prey Veng,Peam Ro,Peam Mean Chey
Prey Veng,Kampong Trabaek,Peam Montear
Kandal,Lvea Aem,Peam Oknha Ong
Kampong Cham,Kaoh Soutin,Peam Prathnuoh
Kandal,Leuk Daek,Peam Reang
Prey Veng,Peam Ro,Peam Ro
Prey Veng,Svay Antor,Pean Roung
Kampong Speu,Odongk,Peang Lvea
Kampong Chhnang,Kampong Tralach,Peani
Kampong Chhnang,Baribour,Pech Changvar
Battambang,Phnum Proek,Pech Chenda
Takeo,Kaoh Andaet,Pech Sar
Kampong Speu,Kong Pisei,Pechr Muni
Kandal,Angk Snuol,Peuk
Tboung Khmum,Krouch Chhmar,Peus Muoy
Tboung Khmum,Krouch Chhmar,Peus Pir
Kampong Cham,Batheay,Ph'av
Oddar Meanchey,Trapeang Prasat,Ph'av
Kampong Thom,Prasat Ballangk,Phan Nheum
Kampong Thom,Kampong Svay,Phat Sanday
Kampong Speu,Basedth,Pheakdei
Kampong Speu,Basedth,Pheari Mean Chey
Banteay Meanchey,Svay Chek,Phkoam
Phnom Penh,Pur SenChey,Phleung Chheh Roteh
Battambang,Rotonak Mondol,Phlov Meas
Kampong Chhnang,Kampong Leaeng,Phlov Tuk
Stung Treng,Sesan,Phluk
Koh Kong,Kiri Sakor,Phnhi Meas
Banteay Meanchey,Serei Saophoan,Phniet
Phnom Penh,Saensokh,Phnom Penh Thmei
Kampot,Kampong Trach,Phnom Prasat
Kampong Speu,Odongk,Phnom Touch
Kandal,Ponhea Lueu,Phnum Bat
Banteay Meanchey,Phnum Srok,Phnum Dei
Takeo,Kiri Vong,Phnum Den
Ratanak Kiri,Veun Sai,Phnum Kok
Kampot,Angkor Chey,Phnum Kong
Banteay Meanchey,Preah Netr Preah,Phnum Lieb
Preah Vihear,Kuleaen,Phnum Penh
Battambang,Phnum Proek,Phnum Proek
Battambang,Banan,Phnum Sampov
Preah Vihear,Sangkum Thmei,Phnum Tbaeng Muoy
Preah Vihear,Kuleaen,Phnum Tbaeng Pir
Banteay Meanchey,Mongkol Borei,Phnum Touch
Kampong Speu,Basedth,Phong
Kampong Chhnang,Baribour,Phsar
Phnom Penh,Doun Penh,Phsar Chas
Kampong Chhnang,Kampong Chhnang,Phsar Chhnang
Kandal,Ponhea Lueu,Phsar Daek
Phnom Penh,Tuol Kouk,Phsar Daeum Kor
Phnom Penh,Chamkar Mon,Phsar Daeum Thkov
Phnom Penh,Tuol Kouk,Phsar Depou Ti Bei
Phnom Penh,Tuol Kouk,Phsar Depou Ti Muoy
Phnom Penh,Tuol Kouk,Phsar Depou Ti Pir
Banteay Meanchey,Paoy Paet,Phsar Kandal
Phnom Penh,Doun Penh,Phsar Kandal Ti Muoy
Phnom Penh,Doun Penh,Phsar Kandal Ti Pir
Phnom Penh,Doun Penh,Phsar Thmei Ti Bei
Phnom Penh,Doun Penh,Phsar Thmei Ti Muoy
Phnom Penh,Doun Penh,Phsar Thmei Ti Pir
Kampong Cham,Srei Santhor,Phteah Kandal
Pursat,Pursat,Phteah Prey
Pursat,Phnum Kravanh,Phteah Rung
Banteay Meanchey,Thma Puok,Phum Thmei
Kandal,Kien Svay,Phum Thum
Kandal,Lvea Aem,Phum Thum
Preah Sihanouk,Preah Sihanouk,Pir
Kratie,Snuol,Pir Thnu
Kampong Speu,Samraong Tong,Pneay
Kampong Thom,Santuk,Pnov
Prey Veng,Sithor Kandal,Pnov Ti Muoy
Prey Veng,Sithor Kandal,Pnov Ti Pir
Ratanak Kiri,Veun Sai,Pong
Phnom Penh,Dangkao,Pong Tuek
Svay Rieng,Rumduol,Pong Tuek
Kep,Damnak Chang'aeur,Pong Tuek
Kampong Cham,Kaoh Soutin,Pongro
Kampong Chhnang,Rolea B'ier,Pongro
Kampong Thom,Baray,Pongro
Kratie,Chhloung,Pongro
Oddar Meanchey,Chong Kal,Pongro
Siemreap,Chi Kraeng,Pongro Kraom
Siemreap,Chi Kraeng,Pongro Leu
Kandal,Ponhea Lueu,Ponhea Lueu
Phnom Penh,Praek Pnov,Ponhea Pon
Banteay Meanchey,Phnum Srok,Ponley
Kampong Chhnang,Baribour,Ponley
Takeo,Angkor Borei,Ponley
Phnom Penh,Praek Pnov,Ponsang
Svay Rieng,Svay Teab,Popeaet
Kampong Chhnang,Baribour,Popel
Siemreap,Soutr Nikom,Popel
Takeo,Tram Kak,Popel
Tboung Khmum,Ponhea Kraek,Popel
Kampong Thom,Stoung,Popok
Prey Veng,Svay Antor,Popueus
Takeo,Bati,Pot Sar
Kampong Chhnang,Kampong Leaeng,Pou
Preah Vihear,Tbaeng Mean Chey,Pou
Kampong Speu,Basedth,Pou Angkrang
Kampong Speu,Basedth,Pou Chamraeun
Kampong Speu,Basedth,Pou Mreal
Prey Veng,Pur Rieng,Pou Rieng
Takeo,Prey Kabbas,Pou Rumchak
Svay Rieng,Svay Rieng,Pou Ta Hao
Prey Veng,Sithor Kandal,Pou Ti
Siemreap,Puok,Pou Treay
Kandal,Kaoh Thum,Pouthi Ban
Svay Rieng,Svay Chrum,Pouthi Reach
Ratanak Kiri,Ou Chum,Pouy
Banteay Meanchey,Phnum Srok,Poy Char
Kampong Thom,Stoung,Pralay
Koh Kong,Thma Bang,Pralay
Kampong Chhnang,Kampong Leaeng,Pralay Meas
Kampong Cham,Srei Santhor,Pram Yam
Pursat,Veal Veaeng,Pramaoy
Kampong Speu,Thpong,Prambei Mum
Takeo,Treang,Prambei Mum
Preah Vihear,Tbaeng Mean Chey,Prame
Kampot,Angkor Chey,Praphnum
Banteay Meanchey,Preah Netr Preah,Prasat
Kampong Thom,Santuk,Prasat
Kandal,S'ang,Prasat
Prey Veng,Kampong Trabaek,Prasat
Siemreap,Varin,Prasat
Svay Rieng,Bavet,Prasat
Kampot,Kampong Trach,Prasat Phnom Khyang
Kampong Chhnang,Rolea B'ier,Prasnoeb
Svay Rieng,Svay Teab,Prasoutr
Phnom Penh,Dangkao,Prateah Lang
Prey Veng,Kampong Trabaek,Pratheat
Tboung Khmum,Krouch Chhmar,Preaek A Chi
Phnom Penh,Chbar Ampov,Preaek Aeng
Kandal,S'ang,Preaek Ambel
Kandal,Khsach Kandal,Preaek Ampil
Kandal,Mukh Kampul,Preaek Anhchanh
Prey Veng,Pur Rieng,Preaek Anteah
Kampong Cham,Stueng Trang,Preaek Bak
Prey Veng,Sithor Kandal,Preaek Changkran
Battambang,Rukh Kiri,Preaek Chik
Prey Veng,Pur Rieng,Preaek Chrey
Kandal,Leuk Daek,Preaek Dach
Kandal,Mukh Kampul,Preaek Dambang
Kampong Cham,Srei Santhor,Preaek Dambouk
Phnom Penh,Dangkao,Preaek Kampues
Battambang,Aek Phnum,Preaek Khpob
Koh Kong,Kiri Sakor,Preaek Khsach
Prey Veng,Peam Ro,Preaek Khsay Ka
Prey Veng,Peam Ro,Preaek Khsay Kha
Kandal,Lvea Aem,Preaek Kmeng
Kampong Cham,Kang Meas,Preaek Koy
Kandal,S'ang,Preaek Koy
Kampong Cham,Kang Meas,Preaek Krabau
Prey Veng,Peam Chor,Preaek Krabau
Kampot,Kampong Trach,Preaek Kroes
Phnom Penh,Chraoy Chongvar,Preaek Lieb
Battambang,Aek Phnum,Preaek Luong
Kandal,Khsach Kandal,Preaek Luong
Stung Treng,Siem Pang,Preaek Meas
Battambang,Aek Phnum,Preaek Norint
Phnom Penh,Praek Pnov,Preaek Phnov
Takeo,Angkor Borei,Preaek Phtoul
Kampong Cham,Srei Santhor,Preaek Pou
Phnom Penh,Chbar Ampov,Preaek Pra
Kratie,Prek Prasab,Preaek Prasab
Kandal,Lvea Aem,Preaek Rey
Kandal,Kandal Stueng,Preaek Roka
Kandal,Lvea Aem,Preaek Ruessei
Kampong Cham,Srei Santhor,Preaek Rumdeng
Kratie,Chhloung,Preaek Saman
Prey Veng,Peam Chor,Preaek Sambuor
Kandal,Kaoh Thum,Preaek Sdei
Kandal,Kandal Stueng,Preaek Slaeng
Kandal,Khsach Kandal,Preaek Ta Kov
Kandal,Khsach Kandal,Preaek Ta Meak
Kampong Cham,Kaoh Soutin,Preaek Ta Nong
Prey Veng,Pur Rieng,Preaek Ta Sar
Phnom Penh,Chraoy Chongvar,Preaek Ta Sek
Kandal,Ponhea Lueu,Preaek Ta Teaen
Kandal,Kaoh Thum,Preaek Thmei
Phnom Penh,Chbar Ampov,Preaek Thmei
Kampot,Tuek Chhou,Preaek Tnoat
Kandal,Leuk Daek,Preaek Tonloab
Kampong Cham,Stueng Trang,Preah Andoung
Stung Treng,Stueng Traeng,Preah Bat
Takeo,Kiri Vong,Preah Bat Choan Chum
Siemreap,Banteay Srei,Preah Dak
Kampong Thom,Stoung,Preah Damrei
Kampong Speu,Basedth,Preah Khae
Preah Vihear,Tbaeng Mean Chey,Preah Khleang
Kampong Speu,Kong Pisei,Preah Nipean
Battambang,Koas Krala,Preah Phos
Banteay Meanchey,Serei Saophoan,Preah Ponlea
Svay Rieng,Kampong Rou,Preah Ponlea
Oddar Meanchey,Trapeang Prasat,Preah Pralay
Kandal,Khsach Kandal,Preah Prasab
Kandal,Kandal Stueng,Preah Putth
Stung Treng,Thala Barivat,Preah Rumkel
Prey Veng,Preah Sdach,Preah Sdach
Kampong Speu,Odongk,Preah Srae
Tboung Khmum,Ou Reang Ov,Preah Theat
Kampong Cham,Stueng Trang,Preak Kak
Banteay Meanchey,Preah Netr Preah,Preak Netr Preah
Prey Veng,Kanhchriech,Preal
Kandal,Kaoh Thum,PreaΓÇïek Chrey
Siemreap,Srei Snam,Prei
Kandal,Ta Khmau,Prek Ho
Battambang,Battambang,Prek Preah Sdach
Kandal,Ta Khmau,Prek Ruessey
Takeo,Kiri Vong,Prey Ampok
Svay Rieng,Bavet,Prey Angkunh
Kampong Cham,Cheung Prey,Prey Char
Battambang,Aek Phnum,Prey Chas
Svay Rieng,Svay Rieng,Prey Chhlak
Kampong Cham,Prey Chhor,Prey Chhor
Prey Veng,Kampong Trabaek,Prey Chhor
Siemreap,Puok,Prey Chruk
Prey Veng,Sithor Kandal,Prey Daeum Thnoeng
Takeo,Prey Kabbas,Prey Kabbas
Prey Veng,Peam Ro,Prey Kandieng
Prey Veng,Pur Rieng,Prey Kanlaong
Prey Veng,Svay Antor,Prey Khla
Takeo,Kaoh Andaet,Prey Khla
Kampot,Tuek Chhou,Prey Khmum
Prey Veng,Me Sang,Prey Khnes
Battambang,Bavel,Prey Khpos
Kampong Speu,Phnum Sruoch,Prey Kmeng
Svay Rieng,Chantrea,Prey Kokir
Kampong Speu,Odongk,Prey Krasang
Kampong Chhnang,Chol Kiri,Prey Kri
Kampong Thom,Kampong Svay,Prey Kuy
Takeo,Prey Kabbas,Prey Lvea
Kampong Chhnang,Rolea B'ier,Prey Mul
Kampong Speu,Kong Pisei,Prey Nheat
Pursat,Pursat,Prey Nhi
Preah Sihanouk,Prey Nob,Prey Nob
Takeo,Prey Kabbas,Prey Phdau
Takeo,Angkor Borei,Prey Phkoam
Prey Veng,Pea Reang,Prey Pnov
Prey Veng,Kampong Trabaek,Prey Poun
Kandal,Angk Snuol,Prey Puoch
Prey Veng,Me Sang,Prey Rumdeng
Takeo,Kiri Vong,Prey Rumdeng
Kampong Speu,Phnum Sruoch,Prey Rumduol
Phnom Penh,Dangkao,Prey Sa
Takeo,Treang,Prey Sloek
Prey Veng,Pea Reang,Prey Sniet
Prey Veng,Pea Reang,Prey Sralet
Battambang,Moung Ruessei,Prey Svay
Svay Rieng,Svay Teab,Prey Ta Ei
Kampong Thom,Stueng Saen,Prey Ta Hu
Kampot,Tuek Chhou,Prey Thnang
Svay Rieng,Kampong Rou,Prey Thum
Kep,Kaeb,Prey Thum
Kampot,Banteay Meas,Prey Tonle
Prey Veng,Me Sang,Prey Totueng
Battambang,Moung Ruessei,Prey Touch
Battambang,Rukh Kiri,Prey Tralach
Prey Veng,Sithor Kandal,Prey Tueng
Phnom Penh,Dangkao,Prey Veaeng
Kampong Speu,Kong Pisei,Prey Vihear
Takeo,Kaoh Andaet,Prey Yuthka
Kampong Cham,Cheung Prey,Pring Chrum
Preah Vihear,Choam Ksant,Pring Thum
Pursat,Phnum Kravanh,Prongil
Mondul Kiri,Pech Chreada,Pu Chrey
Kandal,Khsach Kandal,Puk Ruessei
Siemreap,Puok,Puok
Preah Vihear,Chey Saen,Putrea
Prey Veng,Pea Reang,Reab
Svay Rieng,Kampong Rou,Reach Montir
Prey Veng,Ba Phnum,Reaks Chey
Preah Vihear,Rovieng,Reaksa
Preah Vihear,Rovieng,Reaksmei
Kampong Speu,Aoral,Reaksmei Sameakki
Battambang,Rotonak Mondol,Reaksmei Songha
Preah Sihanouk,Prey Nob,Ream
Takeo,Kiri Vong,Ream Andaeuk
Battambang,Sangkae,Reang Kesei
Pursat,Kandieng,Reang Til
Prey Veng,Preah Sdach,Reathor
Kampong Cham,Kang Meas,Reay Pay
Siemreap,Puok,Reul
Preah Vihear,Rovieng,Rieb Roy
Preah Vihear,Rovieng,Rik Reay
Kampong Cham,Kampong Siem,Ro'ang
Preah Vihear,Sangkum Thmei,Ro'ang
Battambang,Moung Ruessei,Robas Mongkol
Preah Vihear,Rovieng,Robieb
Banteay Meanchey,Preah Netr Preah,Rohal
Preah Vihear,Rovieng,Rohas
Banteay Meanchey,Mongkol Borei,Rohat Tuek
Battambang,Sangkae,Roka
Kandal,Kandal Stueng,Roka
Prey Veng,Pea Reang,Roka
Kampong Cham,Kang Meas,Roka Ar
Kandal,Khsach Kandal,Roka Chonlueng
Kratie,Kracheh,Roka Kandal
Kampong Speu,Kong Pisei,Roka Kaoh
Tboung Khmum,Krouch Chhmar,Roka Khnor
Kandal,S'ang,Roka Khpos
Takeo,Doun Kaev,Roka Knong
Kandal,Mukh Kampul,Roka Kong Ti Muoy
Kandal,Mukh Kampul,Roka Kong Ti Pir
Kampong Cham,Kang Meas,Roka Koy
Takeo,Doun Kaev,Roka Krau
Tboung Khmum,Tboung Khmum,Roka Po Pram
Kampong Speu,Chbar Mon,Rokar Thum
Pursat,Phnum Kravanh,Rokat
Kampong Chhnang,Rolea B'ier,Rolea B'ier
Pursat,Pursat,Roleab
Kampong Speu,Samraong Tong,Roleang Chak
Kandal,Kandal Stueng,Roleang Kaen
Kampong Speu,Samraong Tong,Roleang Kreul
Banteay Meanchey,Svay Chek,Roluos
Phnom Penh,Dangkao,Roluos
Siemreap,Prasat Bakong,Roluos
Kratie,Sambour,Roluos Mean Chey
Svay Rieng,Svay Teab,Romeang Thkaol
Takeo,Kaoh Andaet,Romenh
Mondul Kiri,Saen Monourom,Romonea
Preah Vihear,Rovieng,Romoneiy
Preah Vihear,Rovieng,Romtum
Preah Vihear,Sangkum Thmei,Ronak Ser
Takeo,Treang,Roneam
Preah Vihear,Rovieng,Rotanak
Battambang,Battambang,Rottanak
Prey Veng,Ba Phnum,Roung Damrei
Siemreap,Kralanh,Roung Kou
Takeo,Samraong,Rovieng
Mondul Kiri,Kaoh Nheaek,Roya
Kandal,Mukh Kampul,Ruessei Chrouy
Koh Kong,Thma Bang,Ruessei Chrum
Phnom Penh,Russey Keo,Ruessei Kaev
Battambang,Moung Ruessei,Ruessei Krang
Banteay Meanchey,Mongkol Borei,Ruessei Kraok
Siemreap,Chi Kraeng,Ruessei Lok
Prey Veng,Sithor Kandal,Ruessei Sanh
Kampong Cham,Srei Santhor,Ruessei Srok
Prey Veng,Peam Chor,Ruessei Srok
Kampot,Kampong Trach,Ruessei Srok Khang Kaeut
Kampot,Kampong Trach,Ruessei Srok Khang Lech
Kampong Cham,Kampong Siem,Rumchek
Prey Veng,Preah Sdach,Rumchek
Siemreap,Banteay Srei,Rumchek
Tboung Khmum,Memot,Rumchek
Preah Vihear,Rovieng,Rumdaoh
Preah Vihear,Choam Ksant,Rumdaoh Srae
Prey Veng,Sithor Kandal,Rumlech
Pursat,Bakan,Rumlech
Siemreap,Banteay Srei,Run Ta Aek
Tboung Khmum,Memot,Rung
Battambang,Thma Koul,Rung Chrey
Kampong Speu,Thpong,Rung Roeang
Kampong Thom,Stoung,Rung Roeang
Preah Vihear,Rovieng,Rung Roeang
Preah Vihear,Rovieng,Ruos Roan
Kratie,Prek Prasab,Russey Keo
Preah Vihear,Chey Saen,S'ang
Kandal,S'ang,S'ang Phnum
Kampong Chhnang,Kampong Tralach,Saeb
Kampong Speu,Samraong Tong,Saen Dei
Mondul Kiri,Ou Reang,Saen Monourom
Siemreap,Kralanh,Saen Sokh
Ratanak Kiri,Bar Kaev,Saeung
Phnom Penh,Dangkao,Sak Sampov
Kampong Thom,Prasat Ballangk,Sakream
Siemreap,Siem Reap,Sala Kamreuk
Pailin,Sala Krau,Sala Krau
Kampong Thom,Prasat Ballangk,Sala Visai
Stung Treng,Thala Barivat,Sam Ang
Svay Rieng,Romeas Haek,Sambatt Mean Chey
Kratie,Chetr Borei,Sambok
Kampong Cham,Batheay,Sambour
Kampong Speu,Samraong Tong,Sambour
Kampong Thom,Prasat Sambour,Sambour
Kratie,Sambour,Sambour
Banteay Meanchey,Mongkol Borei,Sambuor
Kandal,Lvea Aem,Sambuor
Siemreap,Kralanh,Sambuor
Svay Rieng,Romeas Haek,Sambuor
Svay Rieng,Svay Teab,Sambuor
Takeo,Treang,Sambuor
Kampong Cham,Kampong Cham,Sambuor Meas
Kandal,Mukh Kampul,Sambuor Meas
Kampong Thom,Prasat Ballangk,Sameakki
Ratanak Kiri,Ou Chum,Sameakki
Preah Sihanouk,Prey Nob,Sameakki
Stung Treng,Stueng Traeng,Sameakki
Stung Treng,Sesan,Samkhuoy
Kampot,Angkor Chey,Samlanh
Svay Rieng,Kampong Rou,Samlei
Battambang,Samlout,Samlout
Kandal,Kaoh Thum,Sampeou Poun
Kampong Cham,Cheung Prey,Sampong Chey
Battambang,Sampov Lun,Sampov Lun
Kampong Thom,Stoung,Samprouch
Banteay Meanchey,Ou Chrov,Samraong
Kampong Cham,Prey Chhor,Samraong
Phnom Penh,Praek Pnov,Samraong
Prey Veng,Svay Antor,Samraong
Pursat,Phnum Kravanh,Samraong
Siemreap,Soutr Nikom,Samraong
Svay Rieng,Chantrea,Samraong
Takeo,Samraong,Samraong
Takeo,Tram Kak,Samraong
Oddar Meanchey,Samraong,Samraong
Battambang,Aek Phnum,Samraong Knong
Kampot,Banteay Meas,Samraong Kraom
Phnom Penh,Pur SenChey,Samraong Kraom
Kampot,Banteay Meas,Samraong Leu
Kandal,Angk Snuol,Samraong Leu
Kampong Chhnang,Kampong Leaeng,Samraong Saen
Kandal,Kien Svay,Samraong Thum
Siemreap,Puok,Samraong Yea
Preah Sihanouk,Prey Nob,Samrong
Kampong Speu,Samraong Tong,Samrong Tong
Svay Rieng,Kampong Rou,Samyaong
Kampong Thom,Kampong Svay,San Kor
Kampong Cham,Batheay,Sandaek
Kampong Thom,Sandan,Sandan
Kratie,Sambour,Sandan
Kandal,Leuk Daek,Sandar
Svay Rieng,Rumduol,Sangkae
Preah Vihear,Chhaeb,Sangkae Muoy
Preah Vihear,Chhaeb,Sangkae Pir
Kampong Speu,Aoral,Sangkae Satob
Svay Rieng,Svay Rieng,Sangkhoar
Siemreap,Chi Kraeng,Sangvaeuy
Kandal,Khsach Kandal,Sanlung
Takeo,Treang,Sanlung
Battambang,Sampov Lun,Santepheap
Stung Treng,Siem Pang,Santepheap
Pursat,Phnum Kravanh,Santreae
Kratie,Prek Prasab,Saob
Takeo,Kiri Vong,Saom
Ratanak Kiri,Ou Ya Dav,Saom Thum
Kandal,Lvea Aem,Sarikakaev
Banteay Meanchey,Svay Chek,Sarongk
Siemreap,Puok,Sasar Sdam
Kampot,Chhuk,Satv Pong
Kampot,Banteay Meas,Sdach Kong Khang Cheung
Kampot,Banteay Meas,Sdach Kong Khang Lech
Kampot,Banteay Meas,Sdach Kong Khang Tboung
Kampong Cham,Cheung Prey,Sdaeung Chey
Battambang,Rotonak Mondol,Sdau
Kampong Cham,Kang Meas,Sdau
Preah Vihear,Sangkum Thmei,Sdau
Stung Treng,Sesan,Sdau
Prey Veng,Ba Phnum,Sdau Kaong
Kampong Speu,Kong Pisei,Sdok
Battambang,Rukh Kiri,Sdok Pravoek
Prey Veng,Kamchay Mear,Seang Khveang
Ratanak Kiri,Lumphat,Seda
Tboung Khmum,Dambae,Seda
Kampong Chhnang,Sameakki Mean Chey,Sedthei
Stung Treng,Siem Pang,Sekong
Prey Veng,Preah Sdach,Sena Reach Otdam
Battambang,Sampov Lun,Serei Mean Chey
Ratanak Kiri,Koun Mom,Serei Mongkol
Ratanak Kiri,Ou Ya Dav,Sesan
Kandal,S'ang,Setbou
Stung Treng,Siem Bouk,Siem Bouk
Kandal,Kandal Stueng,Siem Reab
Siemreap,Siem Reap,Siem Reab
Kandal,Khsach Kandal,Sithor
Kampong Speu,Samraong Tong,Skuh
Takeo,Samraong,Sla
Battambang,Battambang,Sla Ket
Banteay Meanchey,Svay Chek,Sla Kram
Siemreap,Siem Reap,Sla Kram
Siemreap,Srei Snam,Slaeng Spean
Koh Kong,Khemara Phoumin,Smach Mean Chey
Takeo,Treang,Smaong
Prey Veng,Kamchay Mear,Smaong Khang Cheung
Prey Veng,Kamchay Mear,Smaong Khang Tboung
Pursat,Krakor,Sna Ansa
Kampong Speu,Kong Pisei,Snam Krapeu
Pursat,Bakan,Snam Preah
Takeo,Prey Kabbas,Snao
Phnom Penh,Pur SenChey,Snaor
Kampot,Chum Kiri,Snay Anhchit
Siemreap,Siem Reap,Sngkat Sambuor
Battambang,Banan,Snoeng
Kratie,Snuol,Snuol
Siemreap,Kralanh,Snuol
Kampong Thom,Sandan,Sochet
Banteay Meanchey,Mongkol Borei,Soea
Banteay Meanchey,Ou Chrov,Soengh
Takeo,Samraong,Soengh
Mondul Kiri,Saen Monourom,Sokh Dom
Mondul Kiri,Kaoh Nheaek,Sokh Sant
Kampong Speu,Chbar Mon,Sopoar Tep
Kampong Thom,Baray,Sou Young
Kampong Cham,Stueng Trang,Soupheas
Banteay Meanchey,Ou Chrov,Souphi
Kampong Cham,Kang Meas,Sour Kong
Takeo,Bati,Sour Phi
Kampong Cham,Prey Chhor,Sour Saen
Kampong Cham,Cheung Prey,Soutib
Mondul Kiri,Saen Monourom,Spean Mean Chey
Banteay Meanchey,Phnum Srok,Spean Sraeng
Phnom Penh,Dangkao,Spean Thma
Siemreap,Chi Kraeng,Spean Tnaot
Kampong Cham,Chamkar Leu,Spueu
Prey Veng,Ba Phnum,Spueu Ka
Prey Veng,Ba Phnum,Spueu Kha
Koh Kong,Srae Ambel,Srae Ambel
Mondul Kiri,Pech Chreada,Srae Ampum
Ratanak Kiri,Koun Mom,Srae Angkrorng
Kampot,Chum Kiri,Srae Chaeng
Kratie,Snuol,Srae Char
Kampot,Dang Tong,Srae Chea Khang Cheung
Kampot,Dang Tong,Srae Chea Khang Tboung
Mondul Kiri,Kaev Seima,Srae Chhuk
Kratie,Sambour,Srae Chis
Mondul Kiri,Kaoh Nheaek,Srae Huy
Mondul Kiri,Kaev Seima,Srae Khtum
Siemreap,Angkor Chum,Srae Khvav
Kampot,Chum Kiri,Srae Knong
Stung Treng,Sesan,Srae Kor
Stung Treng,Siem Bouk,Srae Krasang
Siemreap,Varin,Srae Nouy
Mondul Kiri,Kaev Seima,Srae Preah
Takeo,Tram Kak,Srae Ronoung
Stung Treng,Thala Barivat,Srae Ruessei
Stung Treng,Siem Pang,Srae Sambour
Kampot,Chum Kiri,Srae Samraong
Mondul Kiri,Kaoh Nheaek,Srae Sangkum
Pursat,Kandieng,Srae Sdok
Kampong Chhnang,Rolea B'ier,Srae Thmei
Kampong Thom,Prasat Sambour,Sraeung
Kampong Cham,Prey Chhor,Sragnae
Phnom Penh,Doun Penh,Srah Chak
Banteay Meanchey,Phnum Srok,Srah Chik
Banteay Meanchey,Mongkol Borei,Srah Reang
Stung Treng,Stueng Traeng,Srah Ruessei
Kampong Cham,Kampong Siem,Srak
Tboung Khmum,Tboung Khmum,Sralab
Kampong Thom,Baray,Sralau
Kampong Cham,Cheung Prey,Sramar
Siemreap,Kralanh,Sranal
Kampong Speu,Kong Pisei,Srang
Siemreap,Siem Reap,Srangae
Takeo,Treang,Srangae
Preah Vihear,Kuleaen,Srayang
Kampong Thom,Stueng Saen,Srayov
Preah Vihear,Choam Ksant,Sror Aem
Preah Sihanouk,Kampong Seila,Stueng Chhay
Pailin,Sala Krau,Stueng Kach
Kampot,Tuek Chhou,Stueng Kaev
Phnom Penh,Mean Chey,Stueng Mean Chey
Stung Treng,Stueng Traeng,Stueng Traeng
Pailin,Sala Krau,Stueng Trang
Koh Kong,Khemara Phoumin,Stueng Veaeng
Battambang,Samlout,Sung
Tboung Khmum,Suong,Suong
Kampong Chhnang,Sameakki Mean Chey,Svay
Kandal,Mukh Kampul,Svay Ampear
Svay Rieng,Svay Chrum,Svay Angk
Prey Veng,Svay Antor,Svay Antor
Pursat,Pursat,Svay At
Kampong Speu,Basedth,Svay Chacheb
Banteay Meanchey,Svay Chek,Svay Chek
Siemreap,Angkor Thum,Svay Chek
Svay Rieng,Rumduol,Svay Chek
Kratie,Snuol,Svay Chreah
Kampong Chhnang,Rolea B'ier,Svay Chrum
Kandal,Khsach Kandal,Svay Chrum
Prey Veng,Me Sang,Svay Chrum
Svay Rieng,Svay Chrum,Svay Chrum
Kampong Chhnang,Sameakki Mean Chey,Svay Chuk
Siemreap,Siem Reap,Svay Dankum
Pursat,Bakan,Svay Doun Kaev
Tboung Khmum,Krouch Chhmar,Svay Khleang
Kampong Cham,Srei Santhor,Svay Khsach Phnum
Kampong Speu,Chbar Mon,Svay Kravan
Siemreap,Svay Leu,Svay Leu
Pursat,Kandieng,Svay Luong
Phnom Penh,Russey Keo,Svay Pak
Kampong Thom,Baray,Svay Phleung
Prey Veng,Peam Chor,Svay Phluoh
Battambang,Battambang,Svay Por
Kampong Cham,Srei Santhor,Svay Pou
Kandal,S'ang,Svay Prateal
Svay Rieng,Svay Rieng,Svay Rieng
Kandal,S'ang,Svay Rolum
Kandal,Khsach Kandal,Svay Romiet
Kampong Chhnang,Kampong Leaeng,Svay Rumpear
Kampong Speu,Basedth,Svay Rumpear
Svay Rieng,Svay Teab,Svay Rumpear
Pursat,Krakor,Svay Sa
Siemreap,Varin,Svay Sa
Svay Rieng,Kampong Rou,Svay Ta Yean
Kampong Cham,Chamkar Leu,Svay Teab
Svay Rieng,Svay Chrum,Svay Thum
Svay Rieng,Svay Rieng,Svay Toea
Kampot,Kampong Trach,Svay Tong Khang Cheung
Kampot,Kampong Trach,Svay Tong Khang Tboung
Svay Rieng,Svay Chrum,Svay Yea
Pursat,Kandieng,Sya
Kandal,Khsach Kandal,Ta Aek
Siemreap,Kralanh,Ta An
Ratanak Kiri,Koun Mom,Ta Ang
Banteay Meanchey,Svay Chek,Ta Baen
Kampong Chhnang,Kampong Tralach,Ta Ches
Prey Veng,Pur Rieng,Ta Kao
Kandal,Ta Khmau,Ta Kdol
Kandal,Ta Khmau,Ta Khmao
Banteay Meanchey,Malai,Ta Kong
Battambang,Banan,Ta Kream
Battambang,Kamrieng,Ta Krei
Banteay Meanchey,Mongkol Borei,Ta Lam
Stung Treng,Sesan,Ta Lat
Ratanak Kiri,Andoung Meas,Ta Lav
Battambang,Moung Ruessei,Ta Loas
Kandal,S'ang,Ta Lon
Pursat,Bakan,Ta Lou
Kratie,Prek Prasab,Ta Mao
Battambang,Thma Koul,Ta Meun
Koh Kong,Botum Sakor,Ta Noun
Kampong Cham,Chamkar Leu,Ta Ong
Takeo,Kiri Vong,Ta Ou
Takeo,Tram Kak,Ta Phem
Banteay Meanchey,Svay Chek,Ta Phou
Battambang,Sangkae,Ta Pon
Kampong Cham,Chamkar Leu,Ta Prok
Battambang,Thma Koul,Ta Pung
Battambang,Kamrieng,Ta Saen
Kampong Speu,Aoral,Ta Sal
Battambang,Samlout,Ta Sanh
Siemreap,Angkor Chum,Ta Saom
Battambang,Sampov Lun,Ta Sda
Siemreap,Svay Leu,Ta Siem
Svay Rieng,Svay Chrum,Ta Suos
Koh Kong,Kaoh Kong,Ta Tai Kraom
Battambang,Samlout,Ta Taok
Koh Kong,Thma Bang,Ta Tey Leu
Ratanak Kiri,Ta Veaeng,Ta Veaeng Kraom
Ratanak Kiri,Ta Veaeng,Ta Veaeng Leu
Siemreap,Soutr Nikom,Ta Yaek
Kampot,Chhuk,Takaen
Takeo,Bati,Tang Doung
Kampong Cham,Batheay,Tang Krang
Kampong Cham,Batheay,Tang Krasang
Kampong Chhnang,Tuek Phos,Tang Krasang
Kampong Thom,Santuk,Tang Krasang
Kampong Thom,Prasat Sambour,Tang Krasau
Kampong Speu,Samraong Tong,Tang Krouch
Kampong Speu,Phnum Sruoch,Tang Samraong
Kampong Speu,Phnum Sruoch,Tang Sya
Takeo,Prey Kabbas,Tang Yab
Kampot,Angkor Chey,Tani
Preah Vihear,Chey Saen,Tasu
Kampong Thom,Kampong Svay,Tbaeng
Kandal,Kandal Stueng,Tbaeng
Siemreap,Banteay Srei,Tbaeng
Kampong Chhnang,Sameakki Mean Chey,Tbaeng Khpos
Kampong Thom,Santuk,Tboung Krapeu
Banteay Meanchey,Preah Netr Preah,Tean Kam
Ratanak Kiri,Koun Mom,Teun
Stung Treng,Thala Barivat,Thala Barivat
Prey Veng,Ba Phnum,Theay
Battambang,Koas Krala,Thipakdei
Prey Veng,Kampong Trabaek,Thkov
Oddar Meanchey,Anlong Veaeng,Thlat
Takeo,Kaoh Andaet,Thlea Prachum
Svay Rieng,Svay Chrum,Thlok
Takeo,Treang,Thlok
Kampong Chhnang,Sameakki Mean Chey,Thlok Vien
Kratie,Chetr Borei,Thma Andaeuk
Pursat,Veal Veaeng,Thma Da
Koh Kong,Thma Bang,Thma Doun Pov
Kampong Chhnang,Kampong Tralach,Thma Edth
Kandal,Lvea Aem,Thma Kor
Kratie,Chetr Borei,Thma Kreae
Tboung Khmum,Tboung Khmum,Thma Pech
Kampong Cham,Prey Chhor,Thma Pun
Prey Veng,Kanhchriech,Thma Pun
Banteay Meanchey,Thma Puok,Thma Puok
Koh Kong,Botum Sakor,Thma Sa
Preah Vihear,Chey Saen,Thmea
Svay Rieng,Rumduol,Thmea
Kampot,Tuek Chhou,Thmei
Kandal,Kandal Stueng,Thmei
Kratie,Chetr Borei,Thmei
Preah Vihear,Kuleaen,Thmei
Svay Rieng,Kampong Rou,Thmei
Svay Rieng,Rumduol,Thna Thnong
Kampong Speu,Samraong Tong,Thummoda Ar
Kampong Thom,Santuk,Ti Pou
Phnom Penh,Dangkao,Tien
Ratanak Kiri,Bar Kaev,Ting Chak
Stung Treng,Siem Pang,Tma Kaev
Prey Veng,Kanhchriech,Tnaot
Svay Rieng,Kampong Rou,Tnaot
Takeo,Bati,Tnaot
Kampong Thom,Baray,Tnaot Chum
Pursat,Krakor,Tnaot Chum
Kampot,Banteay Meas,Tnoat Chong Srang
Kampong Speu,Thpong,Toap Mean
Kampong Cham,Prey Chhor,Tong Rong
Kampong Cham,Srei Santhor,Tong Tralach
Phnom Penh,Chamkar Mon,Tonle Basak
Tboung Khmum,Tboung Khmum,Tonle Bet
Tboung Khmum,Memot,Tonlung
Kampot,Dang Tong,Totung
Kampong Cham,Batheay,Trab
Prey Veng,Kamchay Mear,Trabaek
Kampong Speu,Odongk,Trach Tong
Battambang,Rotonak Mondol,Traeng
Kampong Speu,Phnum Sruoch,Traeng Trayueng
Kampot,Kampot,Traeuy Kaoh
Kandal,S'ang,Traeuy Sla
Takeo,Treang,Tralach
Takeo,Tram Kak,Tram Kak
Siemreap,Srei Snam,Tram Sasar
Kampot,Chhuk,Tramaeng
Tboung Khmum,Memot,Tramung
Battambang,Kamrieng,Trang
Kampong Chhnang,Kampong Leaeng,Trangel
Kampot,Chhuk,Trapeang Bei
Kampong Chhnang,Baribour,Trapeang Chan
Pursat,Bakan,Trapeang Chorng
Kampong Speu,Aoral,Trapeang Chour
Ratanak Kiri,Koun Mom,Trapeang Chres
Kampong Speu,Samraong Tong,Trapeang Kong
Kampong Cham,Cheung Prey,Trapeang Kor
Ratanak Kiri,Koun Mom,Trapeang Kraham
Takeo,Tram Kak,Trapeang Kranhoung
Phnom Penh,Pur SenChey,Trapeang Krasang
Takeo,Bati,Trapeang Krasang
Kampot,Chhuk,Trapeang Phleang
Tboung Khmum,Ponhea Kraek,Trapeang Phlong
Oddar Meanchey,Trapeang Prasat,Trapeang Prasat
Kampong Cham,Prey Chhor,Trapeang Preah
Oddar Meanchey,Anlong Veaeng,Trapeang Prei
Kampot,Tuek Chhou,Trapeang Pring
Tboung Khmum,Dambae,Trapeang Pring
Kampot,Chum Kiri,Trapeang Reang
Kampong Thom,Kampong Svay,Trapeang Ruessei
Koh Kong,Kaoh Kong,Trapeang Rung
Takeo,Bati,Trapeang Sab
Kampot,Banteay Meas,Trapeang Sala Khang Kaeut
Kampot,Banteay Meas,Trapeang Sala Khang Lech
Kampot,Tuek Chhou,Trapeang Sangkae
Svay Rieng,Romeas Haek,Trapeang Sdau
Prey Veng,Me Sang,Trapeang Srae
Oddar Meanchey,Anlong Veaeng,Trapeang Tav
Kampot,Tuek Chhou,Trapeang Thum
Siemreap,Prasat Bakong,Trapeang Thum
Takeo,Tram Kak,Trapeang Thum Khang Cheung
Takeo,Tram Kak,Trapeang Thum Khang Tboung
Kandal,Kandal Stueng,Trapeang Veaeng
Svay Rieng,Romeas Haek,Tras
Kampong Thom,Stoung,Trea
Kandal,Kandal Stueng,Trea
Takeo,Samraong,Trea
Tboung Khmum,Krouch Chhmar,Trea
Kampong Cham,Kampong Siem,Trean
Banteay Meanchey,Svay Chek,Treas
Siemreap,Puok,Trei Nhoar
Tboung Khmum,Memot,Triek
Kampong Thom,Baray,Triel
Banteay Meanchey,Preah Netr Preah,Tuek Chour
Tboung Khmum,Dambae,Tuek Chrov
Kampong Chhnang,Rolea B'ier,Tuek Hout
Kandal,Lvea Aem,Tuek Khleang
Preah Vihear,Choam Ksant,Tuek Kraham
Kampong Speu,Kong Pisei,Tuek L'ak
Preah Sihanouk,Prey Nob,Tuek L'ak
Phnom Penh,Tuol Kouk,Tuek L'ak Ti Bei
Phnom Penh,Tuol Kouk,Tuek L'ak Ti Muoy
Phnom Penh,Tuol Kouk,Tuek L'ak Ti Pir
Banteay Meanchey,Serei Saophoan,Tuek Thla
Phnom Penh,Saensokh,Tuek Thla
Prey Veng,Svay Antor,Tuek Thla
Preah Sihanouk,Prey Nob,Tuek Thla
Kandal,S'ang,Tuek Vil
Siemreap,Siem Reap,Tuek Vil
Kampot,Banteay Meas,Tuk Meas Khang Kaeut
Kampot,Banteay Meas,Tuk Meas Khang Lech
Kampong Thom,Sandan,Tum Ring
Kampong Cham,Batheay,Tumnob
Oddar Meanchey,Trapeang Prasat,Tumnob Dach
Preah Sihanouk,Stueng Hav,Tumnob Rolok
Kandal,Ponhea Lueu,Tumnob Thum
Phnom Penh,Chamkar Mon,Tumnob Tuek
Kampong Speu,Samraong Tong,Tumpoar Meas
Kampong Speu,Basedth,Tuol Ampil
Kampong Chhnang,Tuek Phos,Tuol Khpos
Koh Kong,Mondol Seima,Tuol Kokir
Kampong Thom,Prasat Ballangk,Tuol Kreul
Pailin,Pailin,Tuol Lvea
Banteay Meanchey,Malai,Tuol Pongro
Kampong Cham,Stueng Trang,Tuol Preah Khleang
Kandal,Angk Snuol,Tuol Prech
Kampong Speu,Basedth,Tuol Sala
Kampong Cham,Stueng Trang,Tuol Sambuor
Phnom Penh,Russey Keo,Tuol Sangke
Svay Rieng,Chantrea,Tuol Sdei
Tboung Khmum,Krouch Chhmar,Tuol Snuol
Tboung Khmum,Ou Reang Ov,Tuol Souphi
Phnom Penh,Chamkar Mon,Tuol Svay Prey Ti Muoy
Phnom Penh,Chamkar Mon,Tuol Svay Prey Ti Pir
Battambang,Battambang,Tuol Ta Ek
Preah Sihanouk,Prey Nob,Tuol Totueng
Phnom Penh,Chamkar Mon,Tuol Tumpung Ti Muoy
Phnom Penh,Chamkar Mon,Tuol Tumpung Ti Pir
Battambang,Sangkae,Vaot Ta Muem
Siemreap,Varin,Varin
Kampong Speu,Kong Pisei,Veal
Pursat,Kandieng,Veal
Tboung Khmum,Ponhea Kraek,Veal Mlu
Kampong Speu,Thpong,Veal Pon
Kampong Speu,Odongk,Veal Pong
Preah Sihanouk,Prey Nob,Veal Renh
Phnom Penh,Chbar Ampov,Veal Sbov
Kampong Cham,Kampong Cham,Veal Vong
Phnom Penh,Prampir Meakkakra,Veal Vong
Kampong Speu,Odongk,Veang Chas
Ratanak Kiri,Veun Sai,Veun Sai
Kandal,Ponhea Lueu,Vihear Luong
Tboung Khmum,Suong,Vihear Luong
Kandal,Khsach Kandal,Vihear Suork
Kampong Cham,Kampong Siem,Vihear Thum
Kampong Speu,Samraong Tong,Voa Sar
Kratie,Sambour,Voadthonak
Kampot,Banteay Meas,Voat Angk Khang Cheung
Kampot,Banteay Meas,Voat Angk Khang Tboung
Phnom Penh,Doun Penh,Voat Phnum
Battambang,Battambang,Wat Kor
Ratanak Kiri,Ou Ya Dav,Ya Tung
Kampong Speu,Thpong,Yea Angk
Ratanak Kiri,Ban Lung,Yeak Laom
Preah Vihear,Choam Ksant,Yeang
Siemreap,Puok,Yeang
Kampong Speu,Odongk,Yutth Sameakki
Phnom Penh,Saensokh,Ou Baek K'am